{"lr-AdamW": 0.0003, "trainer/global_step": 0, "_timestamp": 1718906801.8239453, "_runtime": 271.8848502635956, "_step": 0, "_wandb": {"runtime": 275}}