{"lr-AdamW": 0.0003, "trainer/global_step": 0, "_timestamp": 1718831675.3386083, "_runtime": 4.1854212284088135, "_step": 0, "_wandb": {"runtime": 41}}