{"acc": 0.7999676939413286, "loss": 0.2769527184455108, "_timestamp": 1715569271.530914, "_runtime": 4.910279989242554, "_step": 7, "_wandb": {"runtime": 2}}