{"acc": 0.8720648851553198, "loss": 0.11913580697524005, "_timestamp": 1715569263.347011, "_runtime": 4.088052034378052, "_step": 7, "_wandb": {"runtime": 2}}