{"acc": 0.8512755451898472, "loss": 0.13658270592851304, "_timestamp": 1715569254.7874932, "_runtime": 7.0337512493133545, "_step": 7, "_wandb": {"runtime": 6}}