{"acc": 0.8055894316178147, "loss": 0.12860968077592447, "_timestamp": 1715569279.092431, "_runtime": 4.3536741733551025, "_step": 7, "_wandb": {"runtime": 2}}