{"lr-AdamW": 0.0003, "trainer/global_step": 0, "_timestamp": 1719274055.5627828, "_runtime": 17.219470739364624, "_step": 0, "_wandb": {"runtime": 19}}