{"lr-AdamW": 0.0003, "trainer/global_step": 0, "_timestamp": 1718914923.7129111, "_runtime": 7.884827136993408, "_step": 0, "_wandb": {"runtime": 22}}