{"acc": 0.7404049058211832, "loss": 0.2553056640610878, "_timestamp": 1715569286.410978, "_runtime": 4.285634994506836, "_step": 7, "_wandb": {"runtime": 2}}