{"lr-AdamW": 0.0003, "trainer/global_step": 0, "_timestamp": 1719273691.731773, "_runtime": 8.87202787399292, "_step": 0, "_wandb": {"runtime": 35}}